SELECT name FROM employees
WHERE name NOT IN
(SELECT DISTINCT e.NAME
FROM employees AS e
LEFT JOIN
project_status AS p
ON e.id = p.emp_id
WHERE p.status = 1
);

+--------+
| NAME   |
+--------+
| user b |
| user c |
+--------+
2 rows in set (0.00 sec)


SELECT e.name FROM employees e
WHERE e.id IN
(SELECT DISTINCT emp_id
FROM technologies t
JOIN
proj_tech pt
ON t.id = pt.tech_id
NATURAL JOIN
project_status pp
WHERE t.name IN('html','javascript','ios')
GROUP BY 1
HAVING COUNT(DISTINCT t.name) >=3
);

+--------+
| name   |
+--------+
| user a |
| user b |
| user c |
| user d |
+--------+
4 rows in set (0.00 sec)


SELECT distinct t.name FROM technologies t
JOIN
proj_tech pt
ON t.id = pt.tech_id
NATURAL JOIN
project_status ps
WHERE ps.status = 0 and emp_id IN
(SELECT e.id FROM employees e
WHERE e.name = "user b")
GROUP BY t.name HAVING COUNT(t.name) >= 3;

Empty set (0.00 sec)


SELECT e.name FROM employees e
WHERE e.id =
(SELECT ps.emp_id FROM proj_tech pt
JOIN
technologies t
ON pt.tech_id = t.id AND t.name = 'android'
JOIN
project_status ps
ON ps.p_id = pt.p_id
GROUP BY
ps.emp_id
ORDER BY COUNT(pt.p_id)
DESC LIMIT 1
);

+--------+
| name   |
+--------+
| user b |
+--------+
1 row in set (0.00 sec)
