select emp2.name
from employees emp1
join
project_status ps
on emp1.id = ps.emp_id
and status = 1
right join
employees emp2
on emp1.id = emp2.id
where emp1.id is null;

+--------+
| NAME   |
+--------+
| user b |
| user c |
+--------+
2 rows in set (0.00 sec)


SELECT distinct e.name
FROM technologies t
JOIN
proj_tech pt
ON t.id = pt.tech_id
NATURAL JOIN
project_status pp
JOIN
employees e
ON e.id = pp.emp_id
WHERE t.name IN('html','javascript','ios')
GROUP BY emp_id
HAVING COUNT(DISTINCT t.name) >=3
;

+--------+
| name   |
+--------+
| user a |
| user b |
| user c |
| user d |
+--------+
4 rows in set (0.00 sec)


select distinct t.name from employees e
join
project_status ps
on e.id = ps.emp_id
natural join
proj_tech pt
join
technologies t
on pt.tech_id = t.id
where e.name = "user b"
group by t.id
having count(t.id) >=3 ;

Empty set (0.00 sec)




select e.name from employees e
join
project_status ps
on e.id = ps.emp_id
natural join
proj_tech pt
join
technologies t on pt.tech_id = t.id
where t.name = "android" and ps.status = 0
group by e.id
having count(*) = (
select count(*) from employees e
join
project_status ps
on e.id = ps.emp_id
natural join
proj_tech pt
join
technologies t
on pt.tech_id = t.id
where t.name = "android"
group by e.id
order by count(*)
desc limit 1
);

+--------+
| name   |
+--------+
| user b |
+--------+
1 row in set (0.00 sec)

